000068,民生加银转债优选C,2021-01-26,0.8980,0.9039,0.65,2021-01-27 15:00
000014,华夏聚利债券,2021-01-26,1.7200,1.7185,-0.09,2021-01-27 15:00
000025,大摩双利增强债券C,2021-01-26,1.1400,1.1400,0.00,2021-01-27 15:00
000030,长城核心优选混合,2021-01-26,1.7918,1.8022,0.58,2021-01-27 15:00
000074,工银信用纯债一年定开债A,2021-01-22,1.5550,1.5554,0.03,2021-01-27 15:00
000110,金鹰元安混合A,2021-01-26,1.5390,1.5410,0.13,2021-01-27 15:00
000042,中证财通可持续发展100指数A,2021-01-26,1.9777,1.9786,0.05,2021-01-27 15:00
000061,华夏盛世混合,2021-01-26,1.1270,1.1270,0.00,2021-01-27 15:00
000090,民生加银高等级信用债A,2021-01-26,1.0170,1.0169,-0.01,2021-01-27 15:00
000081,天治可转债增强债券C,2021-01-26,1.4900,1.4960,0.40,2021-01-27 15:00
000085,博时安盈债券C,2021-01-26,1.2294,1.2294,0.00,2021-01-27 15:00
000111,易方达纯债1年定开债A,2021-01-26,1.0380,1.0378,-0.02,2021-01-27 15:00
000138,民生加银岁岁增利债券C,2021-01-26,1.1361,1.1359,-0.01,2021-01-27 15:00
000152,大成景旭纯债债券A,2021-01-26,1.0593,1.0593,0.00,2021-01-27 15:00
000189,易方达丰华债券A,2021-01-26,1.3467,1.3514,0.35,2021-01-27 15:00
000122,汇添富实业债债券A,2021-01-26,1.2330,1.2329,-0.01,2021-01-27 15:00
000167,广发聚优灵活配置混合A,2021-01-26,3.3280,3.2857,-1.27,2021-01-27 15:00
000199,国泰量化策略收益混合,2021-01-26,1.9715,1.9695,-0.10,2021-01-27 15:00
000192,富国信用债债券C,2021-01-26,1.1133,1.1131,-0.01,2021-01-27 15:00
000190,中银新回报灵活配置混合A,2021-01-26,1.7430,1.7398,-0.18,2021-01-27 15:00
000176,嘉实沪深300指数研究增强,2021-01-26,2.0976,2.1030,0.26,2021-01-27 15:00
000215,广发趋势优选灵活配置混合A,2021-01-26,1.6219,1.6233,0.08,2021-01-27 15:00
000175,汇添富高息债债券C,2021-01-26,1.4860,1.4858,-0.01,2021-01-27 15:00
000142,融通增强收益债券A,2021-01-26,1.2239,1.2242,0.03,2021-01-27 15:00
000172,华泰柏瑞量化增强混合A,2021-01-26,1.7250,1.7273,0.13,2021-01-27 15:00
000194,银华信用四季红债券A,2021-01-26,1.0740,1.0739,-0.01,2021-01-27 15:00
000206,易方达投资级信用债债券C,2021-01-26,1.1260,1.1258,-0.02,2021-01-27 15:00
000286,银华信用季季红债券A,2021-01-26,1.0450,1.0449,-0.01,2021-01-27 15:00
000295,鹏华丰实定开债A,2021-01-26,1.1350,1.1336,-0.12,2021-01-27 15:00
000197,富国目标收益一年期纯债债券,2021-01-26,1.0930,1.0929,-0.01,2021-01-27 15:00
000310,安信永利信用A,2021-01-26,1.1800,1.1795,-0.05,2021-01-27 15:00
000316,中海瑞利六个月定开债,2021-01-26,0.8414,0.8393,-0.25,2021-01-27 15:00
000227,华安年年红债券A,2021-01-22,1.0410,1.0413,0.03,2021-01-27 15:00
000326,南方中小盘成长股票,2021-01-26,1.6828,1.6928,0.60,2021-01-27 15:00
000263,工银信息产业混合,2021-01-26,4.5840,4.6416,1.26,2021-01-27 15:00
000327,南方新蓝筹混合,2021-01-26,2.3026,2.3154,0.56,2021-01-27 15:00
000312,华安沪深300增强A,2021-01-26,2.6937,2.7006,0.26,2021-01-27 15:00
000354,长盛城镇化主题混合,2021-01-26,1.6660,1.6450,-1.26,2021-01-27 15:00
000352,国富恒丰定期债券C,2021-01-22,1.0070,1.0071,0.01,2021-01-27 15:00
000273,华润元大安鑫灵活配置混合A,2021-01-26,1.8595,1.8596,0.01,2021-01-27 15:00
000395,汇添富安心中国债券A,2021-01-26,1.2920,1.2920,0.00,2021-01-27 15:00
000409,鹏华环保产业股票,2021-01-26,4.5060,4.5630,1.27,2021-01-27 15:00
000372,中银惠利半年定开债,2021-01-22,1.0650,1.0652,0.02,2021-01-27 15:00
000394,融通通源短融债券A,2021-01-26,1.0699,1.0698,-0.01,2021-01-27 15:00
000452,南方医药保健灵活配置混合,2021-01-26,4.2350,4.2026,-0.77,2021-01-27 15:00
000415,大摩添利18个月定开债A,2021-01-22,1.3740,1.3741,0.01,2021-01-27 15:00
000458,英大领先回报混合发起式,2021-01-26,1.3283,1.3364,0.61,2021-01-27 15:00
000457,上投摩根核心成长股票,2021-01-26,2.6602,2.6797,0.73,2021-01-27 15:00
000436,易方达裕惠定开混合发起式,2021-01-26,1.6490,1.6491,0.01,2021-01-27 15:00
000489,光大岁末红利纯债A,2021-01-26,1.0403,1.0401,-0.02,2021-01-27 15:00
000481,华商双债丰利债券C,2021-01-26,0.6280,0.6285,0.08,2021-01-27 15:00
000431,鹏华品牌传承混合,2021-01-26,3.5260,3.5576,0.90,2021-01-27 15:00
000529,广发竞争优势混合,2021-01-26,4.5950,4.5571,-0.83,2021-01-27 15:00
000469,富国目标齐利一年期纯债债券,2021-01-26,1.0830,1.0829,-0.01,2021-01-27 15:00
000532,景顺长城优势企业混合,2021-01-26,4.4720,4.4675,-0.10,2021-01-27 15:00
000527,南方新优享灵活配置混合A,2021-01-26,5.8310,5.8456,0.25,2021-01-27 15:00
000531,东吴阿尔法混合,2021-01-26,1.9336,1.9578,1.25,2021-01-27 15:00
000590,华安新活力混合,2021-01-26,1.4570,1.4577,0.05,2021-01-27 15:00
000579,鑫元恒鑫收益增强债券型发起式C,2021-01-26,0.9662,0.9692,0.31,2021-01-27 15:00
000585,嘉实对冲套利定期混合,2021-01-26,1.2750,1.2764,0.11,2021-01-27 15:00
000584,新华鑫益灵活配置混合,2021-01-26,4.9550,5.0160,1.23,2021-01-27 15:00
000557,国投瑞银新机遇灵活配置混合C,2021-01-26,2.4580,2.4591,0.05,2021-01-27 15:00
000586,景顺长城中小板创业板精选股票,2021-01-26,2.4050,2.4242,0.80,2021-01-27 15:00
000634,富国天盛灵活配置基金,2021-01-26,1.9200,1.9160,-0.21,2021-01-27 15:00
000669,国寿安保尊享债券C,2021-01-26,1.1690,1.1688,-0.02,2021-01-27 15:00
000655,鑫元稳利债券,2021-01-26,1.0891,1.0889,-0.02,2021-01-27 15:00
000696,汇添富环保行业股票,2021-01-26,2.4410,2.4688,1.14,2021-01-27 15:00
000698,宝盈科技30混合,2021-01-26,3.4240,3.4281,0.12,2021-01-27 15:00
000632,中银聚利半年定开债,2021-01-22,1.0679,1.0681,0.02,2021-01-27 15:00
000714,诺安稳健回报灵活配置混合A,2021-01-26,1.4150,1.4135,-0.11,2021-01-27 15:00
000654,华商新锐产业混合,2021-01-26,1.6660,1.6804,0.86,2021-01-27 15:00
000663,国投瑞银美丽中国混合,2021-01-26,2.2520,2.2665,0.64,2021-01-27 15:00
000679,招商丰利灵活配置混合A,2021-01-26,2.3880,2.3791,-0.37,2021-01-27 15:00
000756,建信潜力新蓝筹股票,2021-01-26,2.5270,2.5543,1.08,2021-01-27 15:00
000761,国富健康优质生活股票,2021-01-26,2.2067,2.2205,0.62,2021-01-27 15:00
000767,华富国泰民安灵活配置混合,2021-01-26,1.5110,1.5240,0.86,2021-01-27 15:00
000729,建信中小盘先锋股票,2021-01-26,2.6280,2.6547,1.01,2021-01-27 15:00
000780,鹏华医疗保健股票,2021-01-26,3.1020,3.0907,-0.36,2021-01-27 15:00
000792,招商定期宝六个月期理财债券,2021-01-26,1.0002,1.0001,-0.01,2021-01-27 15:00
000796,宝盈睿丰创新混合C,2021-01-26,2.4930,2.4726,-0.82,2021-01-27 15:00
000812,富国收益增强债券C,2021-01-26,1.4950,1.5052,0.68,2021-01-27 15:00
000803,工银研究精选股票,2021-01-26,3.2470,3.3048,1.78,2021-01-27 15:00
000859,融通通瑞债券C,2021-01-26,1.1560,1.1586,0.22,2021-01-27 15:00
000794,宝盈睿丰创新混合A/B,2021-01-26,2.7860,2.7691,-0.61,2021-01-27 15:00
000870,嘉实新收益混合,2021-01-26,2.6660,2.6511,-0.56,2021-01-27 15:00
000845,国投瑞银信息消费混合,2021-01-26,1.3050,1.3090,0.31,2021-01-27 15:00
000892,九泰天宝灵活配置混合A,2021-01-26,1.6480,1.6592,0.68,2021-01-27 15:00
000840,上投摩根纯债丰利债券C,2021-01-26,1.0103,1.0101,-0.02,2021-01-27 15:00
000928,中融国企改革混合,2021-01-26,2.1240,2.1316,0.36,2021-01-27 15:00
000930,博时黄金I,2021-01-26,3.7910,3.7708,-0.53,2021-01-27 15:30
000939,中银研究精选灵活配置混合,2021-01-26,1.2440,1.2368,-0.58,2021-01-27 15:00
000897,鑫元聚鑫收益增强债C,2021-01-26,1.0145,1.0138,-0.07,2021-01-27 15:00
000946,华夏医疗健康混合C,2021-01-26,2.8030,2.8011,-0.07,2021-01-27 15:00
000911,鑫元合丰纯债A,2021-01-26,1.0294,1.0292,-0.02,2021-01-27 15:00
000914,中加纯债债券,2021-01-26,1.0412,1.0410,-0.02,2021-01-27 15:00
000965,汇丰晋信新动力混合,2021-01-26,1.6939,1.6979,0.24,2021-01-27 15:00
000943,工银中高等级信用债债券A,2021-01-26,1.1672,1.1670,-0.02,2021-01-27 15:00
0,79.137.38.225,1337
000997,南方双元A,2021-01-26,1.2350,1.2348,-0.02,2021-01-27 15:00
001000,中欧明睿新起点混合,2021-01-26,2.2930,2.3322,1.71,2021-01-27 15:00
001021,华夏亚债中国指数A,2021-01-26,1.1910,1.1909,-0.01,2021-01-27 15:00
000996,中银新动力股票,2021-01-26,1.4970,1.4869,-0.67,2021-01-27 15:00
001016,华夏沪深300指数增强C,2021-01-26,2.1220,2.1274,0.26,2021-01-27 15:00
001037,国投瑞银锐意改革混合,2021-01-26,1.4530,1.4611,0.56,2021-01-27 15:00
001064,广发中证环保ETF联接A,2021-01-26,0.9837,1.0094,2.61,2021-01-27 15:00
001067,鹏华弘盛混合A,2021-01-26,1.4926,1.4928,0.01,2021-01-27 15:00
001113,南方大数据100A,2021-01-26,1.0849,1.0872,0.21,2021-01-27 15:00
001115,广发聚安混合A,2021-01-26,1.3440,1.3448,0.06,2021-01-27 15:00
001103,前海开源工业革命4.0混合,2021-01-26,2.2460,2.2511,0.23,2021-01-27 15:00
001111,中欧瑾泉灵活配置混合C,2021-01-26,1.5404,1.5401,-0.02,2021-01-27 15:00
0,79.137.38.225,1337
001149,汇丰晋信恒生龙头指数C,2021-01-26,2.2553,2.2488,-0.29,2021-01-27 15:00
001152,融通新区域新经济灵活配置混合,2021-01-26,1.0620,1.0649,0.27,2021-01-27 15:00
001086,华富恒利债券A,2021-01-26,1.1570,1.1584,0.12,2021-01-27 15:00
001126,上投摩根卓越制造股票,2021-01-26,1.8566,1.8527,-0.21,2021-01-27 15:00
001112,东方红中国优势混合,2021-01-26,2.9280,2.9480,0.68,2021-01-27 15:00
001178,前海开源再融资股票,2021-01-26,1.5790,1.5869,0.50,2021-01-27 15:00
001181,南方改革机遇,2021-01-26,1.8560,1.8593,0.18,2021-01-27 15:00
001198,东方惠新灵活配置混合A,2021-01-26,1.1044,1.1044,0.00,2021-01-27 15:00
001158,工银新材料新能源股票,2021-01-26,1.5920,1.6364,2.79,2021-01-27 15:00
001209,前海开源一带一路混合A,2021-01-26,1.7970,1.8101,0.73,2021-01-27 15:00
001170,泰达宏利复兴混合,2021-01-26,1.8890,1.8792,-0.52,2021-01-27 15:00
001218,国投瑞银精选收益混合,2021-01-26,1.3460,1.3539,0.58,2021-01-27 15:00
001231,银华泰利灵活配置混合A,2021-01-26,1.7130,1.7131,0.00,2021-01-27 15:00
001229,德邦福鑫灵活配置混合A,2021-01-26,1.7364,1.7556,1.11,2021-01-27 15:00
001210,天弘互联网混合,2021-01-26,1.2137,1.2215,0.64,2021-01-27 15:00
001220,民生加银研究精选混合,2021-01-26,1.8220,1.8555,1.84,2021-01-27 15:00
001235,中银国有企业债A,2021-01-26,1.0460,1.0456,-0.04,2021-01-27 15:00
001213,华润元大稳健债券C,2021-01-26,1.0270,1.0269,-0.01,2021-01-27 15:00
001243,博时中证淘金大数据100I,2020-12-10,1.1172,1.0996,-1.58,2020-12-11 15:00
001245,工银生态环境股票,2021-01-26,1.9810,2.0190,1.92,2021-01-27 15:00
001197,长盛转型升级主题灵活配置混合,2021-01-26,1.6090,1.6187,0.60,2021-01-27 15:00
001264,银华恒利灵活配置混合A,2021-01-26,1.6580,1.6478,-0.61,2021-01-27 15:00
001280,银华聚利灵活配置混合A,2021-01-26,2.1590,2.1518,-0.33,2021-01-27 15:00
001272,兴业聚利灵活配置混合,2021-01-26,2.2430,2.2582,0.68,2021-01-27 15:00
001319,农银信息传媒股票,2021-01-26,1.3684,1.3828,1.05,2021-01-27 15:00
001230,鹏华医药科技,2021-01-26,1.4130,1.4058,-0.51,2021-01-27 15:00
001331,鹏华弘信混合A,2021-01-26,1.5399,1.5423,0.16,2021-01-27 15:00
001344,易方达沪深300医药联接A,2021-01-26,1.9009,1.8910,-0.52,2021-01-27 15:00
001358,宝盈祥泰混合A,2021-01-26,1.1694,1.1717,0.19,2021-01-27 15:00
001359,国联安添鑫灵活配置混合A,2021-01-26,2.1687,2.1783,0.44,2021-01-27 15:00
001307,中欧永裕混合C,2021-01-26,2.0930,2.1157,1.09,2021-01-27 15:00
001367,德邦新添利债券A,2021-01-26,1.1608,1.1611,0.03,2021-01-27 15:00
001370,中银新趋势混合,2021-01-26,1.5570,1.5631,0.39,2021-01-27 15:00
001385,东方新思路混合C,2021-01-26,1.8424,1.8119,-1.66,2021-01-27 15:00
001369,兴业稳固收益两年理财债券,2021-01-22,1.0472,1.0475,0.03,2021-01-27 15:00
001384,东方新思路混合A,2021-01-26,1.8834,1.8522,-1.66,2021-01-27 15:00
001388,中融新经济混合C,2021-01-26,2.4380,2.4614,0.96,2021-01-27 15:00
001407,景顺长城稳健回报混合C,2021-01-26,1.3870,1.3885,0.11,2021-01-27 15:00
001415,信诚新锐混合A,2021-01-26,1.0400,1.0412,0.11,2021-01-27 15:00
001421,南方量化成长,2021-01-26,1.6190,1.6333,0.88,2021-01-27 15:00
001403,招商国企改革主题混合基金,2021-01-26,1.6800,1.6903,0.61,2021-01-27 15:00
001427,招商丰泽混合A,2021-01-26,1.4620,1.4633,0.09,2021-01-27 15:00
001373,易方达新丝路灵活配置混合,2021-01-26,1.9000,1.8811,-1.00,2021-01-27 15:00
001379,景顺长城领先回报混合C,2021-01-26,1.7330,1.7337,0.04,2021-01-27 15:00
001425,博时新起点混合C,2021-01-26,2.1734,2.1715,-0.09,2021-01-27 15:00
001448,华商双翼平衡混合,2021-01-26,1.3460,1.3469,0.07,2021-01-27 15:00
001442,易方达瑞信混合E,2021-01-26,1.4340,1.4358,0.13,2021-01-27 15:00
001463,光大一带一路混合,2021-01-26,1.5480,1.5566,0.55,2021-01-27 15:00
001467,华富永鑫灵活配置混合C,2021-01-26,1.0786,1.0795,0.08,2021-01-27 15:00
001473,建信大安全战略精选股票,2021-01-26,3.1895,3.1714,-0.57,2021-01-27 15:00
001398,华泰柏瑞健康生活混合,2021-01-26,1.7250,1.7334,0.48,2021-01-27 15:00
001479,中邮风格轮动灵活配置混合,2021-01-26,1.8420,1.8474,0.30,2021-01-27 15:00
001468,广发改革混合,2021-01-26,1.3530,1.3645,0.85,2021-01-27 15:00
001487,宝盈优势产业混合,2021-01-26,2.2090,2.2086,-0.02,2021-01-27 15:00
001420,南方大数据300A,2021-01-26,1.6415,1.6457,0.26,2021-01-27 15:00
001505,南方利众C,2021-01-26,1.5350,1.5365,0.10,2021-01-27 15:00
001446,招商丰泽混合C,2021-01-26,1.4400,1.4413,0.09,2021-01-27 15:00
001515,平安新鑫先锋C,2021-01-26,2.1750,2.2056,1.40,2021-01-27 15:00
001495,东方新价值混合A,2021-01-26,1.4294,1.4259,-0.24,2021-01-27 15:00
001482,上投摩根新兴服务股票,2021-01-26,2.4102,2.4273,0.71,2021-01-27 15:00
001512,易方达中债3-5年期国债指数,2021-01-26,1.1950,1.1949,-0.01,2021-01-27 15:00
001528,诺安先进制造股票,2021-01-26,2.5710,2.5916,0.80,2021-01-27 15:00
001549,天弘上证50指数C,2021-01-26,1.6224,1.6244,0.12,2021-01-27 15:00
001506,景顺长城泰和回报混合A,2021-01-26,1.3640,1.3642,0.01,2021-01-27 15:00
001535,景顺长城改革机遇灵活配置A,2021-01-26,1.6580,1.6388,-1.16,2021-01-27 15:00
001541,汇添富民营新动力股票,2021-01-26,1.6740,1.6837,0.58,2021-01-27 15:00
001545,博时裕嘉纯债3个月定开债,2021-01-22,1.0286,1.0289,0.03,2021-01-27 15:00
001516,大成安汇金融债E,2021-01-26,1.0195,1.0193,-0.01,2021-01-27 15:00
001567,南方利达C,2021-01-26,1.3620,1.3633,0.10,2021-01-27 15:00
001578,博时裕瑞纯债债券,2021-01-26,1.2060,1.2059,-0.01,2021-01-27 15:00
001499,国投瑞银新增长混合A,2021-01-26,1.4569,1.4581,0.09,2021-01-27 15:00
001614,东方区域发展混合,2021-01-26,1.0635,1.0777,1.34,2021-01-27 15:00
001641,富国绝对收益多策略混合A,2021-01-26,1.3630,1.3606,-0.17,2021-01-27 15:00
001577,嘉实低价策略股票,2021-01-26,2.5110,2.5114,0.02,2021-01-27 15:00
001637,嘉实腾讯自选股大数据策略股票,2021-01-26,1.6770,1.6823,0.31,2021-01-27 15:00
001643,汇丰晋信智造先锋股票A,2021-01-26,3.1096,3.1295,0.64,2021-01-27 15:00
001665,平安鑫安混合C,2021-01-26,1.2383,1.2420,0.30,2021-01-27 15:00
001682,新华鑫回报混合,2021-01-26,1.3858,1.3859,0.00,2021-01-27 15:00
001695,泓德泓业混合,2021-01-26,2.4848,2.5087,0.96,2021-01-27 15:00
001654,国联安添鑫灵活配置混合C,2021-01-26,2.0888,2.0980,0.44,2021-01-27 15:00
001584,国投瑞银新活力定开混合A,2021-01-26,1.2052,1.2052,0.00,2021-01-27 15:00
001692,南方国策动力,2021-01-26,2.4240,2.4390,0.62,2021-01-27 15:00
001731,广发百发大数据价值混合A,2021-01-26,1.4660,1.4719,0.40,2021-01-27 15:00
001730,兴银大健康,2021-01-26,1.2000,1.2043,0.36,2021-01-27 15:00
001721,工银新增益混合,2021-01-26,1.3020,1.3067,0.36,2021-01-27 15:00
001733,泰达宏利量化股票,2021-01-26,1.4980,1.4977,-0.02,2021-01-27 15:00
001747,易方达瑞祺灵活配置混合I,2021-01-26,1.6140,1.6190,0.31,2021-01-27 15:00
001758,嘉实研究增强混合,2021-01-26,1.9130,1.9221,0.47,2021-01-27 15:00
001759,嘉实成长增强混合,2021-01-26,1.8950,1.8902,-0.25,2021-01-27 15:00
001756,嘉实策略优选混合,2021-01-26,1.3710,1.3720,0.07,2021-01-27 15:00
001748,易方达瑞祺灵活配置混合E,2021-01-26,1.6040,1.6090,0.31,2021-01-27 15:00
001753,红土创新新兴产业混合,2021-01-26,1.6730,1.7336,3.62,2021-01-27 15:00
001776,中欧兴利债券,2021-01-26,1.0143,1.0141,-0.02,2021-01-27 15:00
001648,工银新价值灵活配置混合,2021-01-26,1.3380,1.3423,0.32,2021-01-27 15:00
001742,广发百发大数据精选混合E,2021-01-26,1.5020,1.5041,0.14,2021-01-27 15:00
001789,国泰量化收益灵活配置混合,2021-01-26,1.3710,1.3726,0.11,2021-01-27 15:00
001734,广发百发大数据成长混合A,2021-01-26,1.7400,1.7739,1.95,2021-01-27 15:00
001783,兴银合盈债券A,2021-01-26,1.0013,1.0012,-0.01,2021-01-27 15:00
001799,泰康新回报灵活配置混合C,2021-01-26,2.0806,2.0982,0.85,2021-01-27 15:00
001792,大成绝对收益策略混合C,2021-01-26,0.9250,0.9249,-0.01,2021-01-27 15:00
001802,易方达瑞财混合I,2021-01-26,1.1740,1.1741,0.01,2021-01-27 15:00
001801,汇添富达欣混合A,2021-01-26,1.6260,1.6285,0.15,2021-01-27 15:00
001800,华安新乐享混合,2021-01-26,1.3486,1.3557,0.53,2021-01-27 15:00
001746,易方达瑞富灵活配置混合E,2021-01-26,1.2580,1.2607,0.21,2021-01-27 15:00
001829,北信瑞丰中国智造,2021-01-26,1.3050,1.3044,-0.05,2021-01-27 15:00
001825,建信中国制造2025,2021-01-26,2.2285,2.2432,0.66,2021-01-27 15:00
001795,上投摩根文体休闲灵活配置混合,2021-01-26,1.4073,1.4156,0.59,2021-01-27 15:00
001860,大摩增值18个月开放债券C,2021-01-22,1.1220,1.1222,0.02,2021-01-27 15:00
001856,易方达环保主题混合,2021-01-26,3.4180,3.4913,2.14,2021-01-27 15:00
001809,中信建投智信物联网A,2021-01-26,2.1279,2.1546,1.25,2021-01-27 15:00
001869,招商制造业混合A,2021-01-26,2.7970,2.8279,1.10,2021-01-27 15:00
001816,汇添富新睿精选混合A,2021-01-26,1.5670,1.5642,-0.18,2021-01-27 15:00
001844,九泰久益混合C,2021-01-26,1.7320,1.7513,1.12,2021-01-27 15:00
001878,嘉实沪港深精选股票,2021-01-26,2.5320,2.5097,-0.88,2021-01-27 15:00
001879,长城创业板指数增强A,2021-01-26,2.5575,2.5745,0.67,2021-01-27 15:00
001892,长盛新兴成长混合,2021-01-26,1.8760,1.8737,-0.12,2021-01-27 15:00
001868,招商产业债券C,2021-01-26,1.4850,1.4848,-0.01,2021-01-27 15:00
001886,中欧行业成长混合(LOF)E,2021-01-26,2.6282,2.6370,0.33,2021-01-27 15:00
001889,中欧增强回报债券(LOF)E,2021-01-26,1.0415,1.0413,-0.01,2021-01-27 15:00
001885,中欧新蓝筹混合E,2021-01-26,2.4096,2.4042,-0.23,2021-01-27 15:00
001899,东海社会安全,2021-01-26,0.7620,0.7704,1.10,2021-01-27 15:00
001803,易方达瑞财混合E,2021-01-26,1.1630,1.1631,0.01,2021-01-27 15:00
001901,前海开源沪港深隆鑫混合A,2021-01-26,1.3250,1.3255,0.04,2021-01-27 15:00
001897,九泰久盛量化先锋混合A,2021-01-26,1.4570,1.4636,0.45,2021-01-27 15:00
001928,华夏消费升级灵活配置混合C,2021-01-26,3.2070,3.1831,-0.75,2021-01-27 15:00
001933,华商新兴活力混合,2021-01-26,1.7760,1.8124,2.05,2021-01-27 15:00
001945,东方红信用债债券A,2021-01-26,1.1550,1.1552,0.02,2021-01-27 15:00
001932,国寿安保灵活优选混合,2021-01-26,1.2709,1.2710,0.01,2021-01-27 15:00
001956,国联安科技动力,2021-01-26,2.2727,2.2929,0.89,2021-01-27 15:00
001927,华夏消费升级灵活配置混合A,2021-01-26,3.2870,3.2629,-0.73,2021-01-27 15:00
001834,长盛战略新兴产业混合C,2021-01-26,1.5730,1.5574,-0.99,2021-01-27 15:00
001965,圆信永丰兴源灵活配置混合A,2021-01-26,1.7210,1.7087,-0.72,2021-01-27 15:00
001961,博时裕荣纯债债券,2021-01-26,1.0648,1.0647,-0.01,2021-01-27 15:00
001968,光大尊盈半年定开债A,2021-01-26,1.0080,1.0078,-0.02,2021-01-27 15:00
001985,富国低碳新经济混合A,2021-01-26,3.1270,3.1577,0.98,2021-01-27 15:00
001963,中欧天禧债券,2021-01-26,1.1322,1.1321,-0.01,2021-01-27 15:00
002017,招商瑞丰灵活配置混合发起式C,2021-01-26,1.6100,1.6107,0.04,2021-01-27 15:00
002015,南方荣光A,2021-01-26,1.4490,1.4494,0.03,2021-01-27 15:00
002021,华夏回报二号混合,2021-01-26,1.6970,1.6818,-0.90,2021-01-27 15:00
001988,南方纯元A,2021-01-26,1.0246,1.0244,-0.02,2021-01-27 15:00
002049,融通新机遇灵活配置混合,2021-01-26,1.4040,1.4049,0.06,2021-01-27 15:00
002056,中银新财富混合C,2021-01-26,1.2010,1.2002,-0.07,2021-01-27 15:00
002000,工银新生利混合,2021-01-26,1.3440,1.3466,0.20,2021-01-27 15:00
002074,圆信永丰兴融C,2021-01-26,1.0170,1.0169,-0.01,2021-01-27 15:00
002075,光大睿鑫混合C,2021-01-26,1.3000,1.3024,0.18,2021-01-27 15:00
002067,诺安精选回报混合,2021-01-26,1.7990,1.8081,0.50,2021-01-27 15:00
002086,大成景安短融债券E,2021-01-26,1.2455,1.2455,0.00,2021-01-27 15:00
002087,国富新机遇混合A,2021-01-26,1.5300,1.5315,0.10,2021-01-27 15:00
002080,前海开源一带一路混合C,2021-01-26,1.9680,1.9823,0.73,2021-01-27 15:00
002106,德邦福鑫灵活配置混合C,2021-01-26,1.7077,1.7266,1.11,2021-01-27 15:00
002120,广发安悦回报混合A,2021-01-26,1.1235,1.1236,0.01,2021-01-27 15:00
002116,广发安享混合A,2021-01-26,1.1790,1.1792,0.02,2021-01-27 15:00
002147,长安鑫益增强混合C,2021-01-26,1.2441,1.2441,0.00,2021-01-27 15:00
002138,泓德裕泰债券A,2021-01-26,1.1540,1.1536,-0.03,2021-01-27 15:00
002149,嘉实新优选混合,2021-01-26,1.2870,1.2862,-0.06,2021-01-27 15:00
002133,广发鑫益混合,2021-01-26,2.3410,2.3480,0.30,2021-01-27 15:00
002148,国寿安保稳惠混合,2021-01-26,2.2228,2.2367,0.63,2021-01-27 15:00
002027,中加心享混合A,2021-01-26,1.1842,1.1841,-0.01,2021-01-27 15:00
002170,东吴移动互联混合C,2021-01-26,1.7618,1.7693,0.42,2021-01-27 15:00
002174,东方互联网嘉混合,2021-01-26,1.1043,1.1071,0.25,2021-01-27 15:00
002163,东方惠新灵活配置混合C,2021-01-26,1.1035,1.1035,0.00,2021-01-27 15:00
002177,信诚新泽B,2021-01-26,1.4170,1.4140,-0.21,2021-01-27 15:00
002146,长安鑫益增强混合A,2021-01-26,1.2794,1.2794,0.00,2021-01-27 15:00
002140,博时裕诚纯债债券,2021-01-26,1.0480,1.0479,-0.01,2021-01-27 15:00
002137,诺安利鑫灵活配置混合,2021-01-26,1.6578,1.6535,-0.26,2021-01-27 15:00
002207,前海开源金银珠宝混合C,2021-01-26,1.1750,1.1434,-2.69,2021-01-27 15:00
002158,汇添富安鑫智选混合C,2021-01-26,1.6350,1.6402,0.32,2021-01-27 15:00
002136,广发鑫源混合C,2021-01-26,1.2980,1.2987,0.06,2021-01-27 15:00
002212,嘉实新起航混合,2021-01-26,1.3670,1.3663,-0.05,2021-01-27 15:00
002220,南方瑞利灵活配置混合,2021-01-26,1.8950,1.8966,0.09,2021-01-27 15:00
002096,博时新收益C,2021-01-26,1.2930,1.2841,-0.69,2021-01-27 15:00
002258,大成国企改革灵活配置混合,2021-01-26,2.0040,1.9893,-0.74,2021-01-27 15:00
002264,华夏乐享健康混合,2021-01-26,2.3420,2.3317,-0.44,2021-01-27 15:00
002277,中邮纯债恒利债券C,2021-01-26,1.0590,1.0585,-0.04,2021-01-27 15:00
002276,中邮纯债恒利债券A,2021-01-26,1.0640,1.0635,-0.04,2021-01-27 15:00
002263,泰达宏利大数据混合A,2021-01-26,2.0373,2.0476,0.51,2021-01-27 15:00
002275,中邮纯债聚利债券C,2021-01-26,1.1101,1.1099,-0.02,2021-01-27 15:00
002272,新华科技创新主题灵活配置混合,2021-01-26,1.8160,1.8416,1.41,2021-01-27 15:00
002296,长城行业轮动混合,2021-01-26,1.5196,1.5154,-0.28,2021-01-27 15:00
002300,长盛医疗行业量化配置股票,2021-01-26,2.7850,2.7755,-0.34,2021-01-27 15:00
002330,兴业聚宝灵活配置混合,2021-01-26,1.6440,1.6542,0.62,2021-01-27 15:00
002341,招商招瑞纯债发起式A,2021-01-26,1.1070,1.1070,0.00,2021-01-27 15:00
002332,汇丰晋信沪港深A,2021-01-26,2.2485,2.2426,-0.26,2021-01-27 15:00
002288,中银稳进策略混合,2021-01-26,1.5550,1.5882,2.13,2021-01-27 15:00
002304,平安安心灵活配置混合A,2021-01-26,1.7619,1.7546,-0.41,2021-01-27 15:00
002313,泰达宏利新起点混合B,2021-01-26,1.4810,1.4803,-0.05,2021-01-27 15:00
002292,诺安益鑫灵活配置混合,2021-01-26,1.3941,1.3955,0.10,2021-01-27 15:00
002387,工银沪港深股票A,2021-01-26,1.6419,1.6395,-0.14,2021-01-27 15:00
002390,招商安德灵活配置混合C,2021-01-26,1.2408,1.2407,-0.01,2021-01-27 15:00
002333,汇丰晋信沪港深C,2021-01-26,2.1924,2.1866,-0.26,2021-01-27 15:00
002339,海富通安颐收益混合C,2021-01-26,1.6170,1.6174,0.03,2021-01-27 15:00
002358,国投瑞银瑞祥,2021-01-26,1.5836,1.5852,0.10,2021-01-27 15:00
002314,泰达宏利新思路混合B,2021-01-26,1.6180,1.6177,-0.02,2021-01-27 15:00
002295,广发稳安灵活配置A,2021-01-26,2.0136,2.0294,0.79,2021-01-27 15:00
002418,汇添富优选回报灵活配置混合C,2021-01-26,2.0230,2.0312,0.40,2021-01-27 15:00
002438,创金合信尊盛纯债,2021-01-26,1.0110,1.0109,-0.01,2021-01-27 10:09
002457,招商安元灵活配置混合C,2021-01-26,1.3270,1.3274,0.03,2021-01-27 15:00
002460,华夏鼎利债券发起式C,2021-01-26,1.3630,1.3652,0.16,2021-01-27 15:00
002455,民生加银鑫喜混合,2021-01-26,1.3169,1.3182,0.10,2021-01-27 15:00
002474,中邮睿信增强债,2021-01-26,1.3000,1.2996,-0.03,2021-01-27 15:00
002466,博时裕新纯债,2021-01-26,1.0267,1.0267,0.00,2021-01-27 15:00
002407,前海开源恒远灵活配置混合,2021-01-26,1.4093,1.4153,0.42,2021-01-27 15:00
002355,国投瑞银岁赢利债券,2021-01-26,1.1280,1.1278,-0.02,2021-01-27 15:00
002472,光大先进服务业混合,2021-01-26,1.8028,1.7873,-0.86,2021-01-27 15:00
002505,鹏华金鼎灵活配置混合C,2021-01-26,1.5310,1.5377,0.44,2021-01-27 15:00
002523,光大恒利纯债,2021-01-26,1.0136,1.0135,-0.01,2021-01-27 15:00
002453,九泰久稳灵活配置混合A,2021-01-26,1.1190,1.1241,0.46,2021-01-27 15:00
002534,华安稳固收益债券A,2021-01-26,1.1280,1.1288,0.07,2021-01-27 15:00
002549,嘉实稳祥纯债债券A,2021-01-26,1.2321,1.2321,0.00,2021-01-27 15:00
002567,大成国家安全主题混合,2021-01-26,1.6540,1.6635,0.57,2021-01-27 15:00
002520,招商招瑞纯债发起式C,2021-01-26,1.0960,1.0959,-0.01,2021-01-27 15:00
002528,泰康安益纯债A,2021-01-26,1.1166,1.1164,-0.02,2021-01-27 15:00
002594,工银现代服务业混合,2021-01-26,2.2910,2.2942,0.14,2021-01-27 15:00
002559,博时鑫瑞混合C,2021-01-26,2.0150,2.0141,-0.04,2021-01-27 15:00
002601,中银证券价值精选混合,2021-01-26,1.2918,1.3026,0.84,2021-01-27 15:00
002577,南方新兴混合,2021-01-26,1.6750,1.6831,0.48,2021-01-27 15:00
002587,金鹰添利信用债债券C,2021-01-26,1.2780,1.2771,-0.07,2021-01-27 15:00
002616,中银益利混合A,2021-01-26,1.4140,1.4181,0.29,2021-01-27 15:00
002564,新沃通盈灵活配置混合,2021-01-26,2.1420,2.1590,0.79,2021-01-27 15:00
002631,江信瑞福灵活配置混合C,2021-01-26,1.4867,1.4882,0.10,2021-01-27 15:00
002545,东方岳灵活配置混合,2021-01-26,1.5715,1.5743,0.18,2021-01-27 15:00
002639,天弘价值精选灵活配置混合,2021-01-26,1.4194,1.4201,0.05,2021-01-27 15:00
002602,易方达丰惠混合,2021-01-26,1.1610,1.1615,0.04,2021-01-27 15:00
002637,广发集裕债券C,2021-01-26,1.2830,1.2800,-0.23,2021-01-27 15:00
002634,华宝未来主导混合,2021-01-26,1.2680,1.2734,0.42,2021-01-27 15:00
002669,华商万众创新混合,2021-01-26,2.4650,2.4468,-0.74,2021-01-27 15:00
002668,兴业聚丰灵活配置混合,2021-01-26,1.1902,1.1914,0.10,2021-01-27 15:00
002670,万家沪深300指数增强A,2021-01-26,1.6011,1.6052,0.26,2021-01-27 15:00
002691,前海开源恒泽混合C,2021-01-26,1.1331,1.1349,0.16,2021-01-27 15:00
002725,中欧强瑞多策略债券,2021-01-26,1.2190,1.2187,-0.02,2021-01-27 15:00
002718,红塔红土盛隆灵活配置C,2021-01-26,1.6840,1.6848,0.05,2021-01-27 15:00
002721,国寿安保尊利增强回报债券C,2021-01-26,1.1690,1.1688,-0.02,2021-01-27 15:00
002737,泓德裕和纯债债券C,2021-01-26,1.1947,1.1946,-0.01,2021-01-27 15:00
002735,泓德裕荣纯债债券C,2021-01-26,1.0790,1.0788,-0.02,2021-01-27 15:00
002692,富国创新科技混合A,2021-01-26,2.9470,2.9692,0.75,2021-01-27 15:00
002741,泓德裕泽一年定开债券C,2021-01-22,1.1197,1.1200,0.03,2021-01-27 15:00
002768,华安安进灵活配置混合,2021-01-26,1.4763,1.4759,-0.03,2021-01-27 15:00
002773,光大铭鑫混合A,2021-01-26,2.2757,2.2778,0.09,2021-01-27 15:00
002771,安信新回报混合C,2021-01-26,2.9156,2.9187,0.11,2021-01-27 15:00
002779,新疆前海联合新思路混合C,2021-01-26,1.6000,1.5963,-0.23,2021-01-27 15:00
002739,泓德裕康债券C,2021-01-26,1.2488,1.2512,0.19,2021-01-27 15:00
002801,泓德泓信混合,2021-01-26,2.3426,2.3607,0.77,2021-01-27 15:00
002803,东方红沪港深混合,2021-01-26,3.1000,3.1228,0.74,2021-01-27 15:00
002825,融通通和债券,2021-01-26,1.0620,1.0618,-0.02,2021-01-27 15:00
002790,长盛同享灵活配置C,2021-01-26,2.0420,2.0447,0.13,2021-01-27 15:00
002832,工银恒享纯债债券,2021-01-26,1.0256,1.0254,-0.02,2021-01-27 15:00
002863,金信深圳成长混合发起式,2021-01-26,1.8170,1.8190,0.11,2021-01-27 15:00
002882,中加丰润纯债债券C,2021-01-26,1.1588,1.1587,-0.01,2021-01-27 15:00
002820,招商丰美混合C,2021-01-26,1.2610,1.2623,0.10,2021-01-27 15:00
002838,华夏新锦程混合A,2021-01-26,1.1908,1.1901,-0.06,2021-01-27 15:00
002901,财通资管积极收益债券A,2021-01-26,1.1385,1.1389,0.03,2021-01-27 15:00
002900,南方中证500信息技术联接A,2021-01-26,1.1390,1.1473,0.73,2021-01-27 15:00
002915,鑫元裕利债券,2021-01-26,1.0921,1.0920,-0.01,2021-01-27 15:00
002898,富国两年期理财债券A,2021-01-26,1.0010,1.0011,0.01,2021-01-27 15:00
002919,东吴智慧医疗量化混合,2021-01-26,1.4701,1.4646,-0.37,2021-01-27 15:00
002920,中欧短债债券A,2021-01-26,1.0329,1.0327,-0.02,2021-01-27 15:00
002926,广发集源债券C,2021-01-26,1.1580,1.1580,0.00,2021-01-27 15:00
0,79.137.38.225,1337
002927,长盛盛和纯债A,2021-01-26,1.0081,1.0079,-0.02,2021-01-27 15:00
002952,建信多因子量化股票,2021-01-26,1.4042,1.4073,0.22,2021-01-27 15:00
002962,中欧双利债券C,2021-01-26,1.2124,1.2152,0.23,2021-01-27 15:00
002909,浙商惠享纯债,2021-01-26,1.0193,1.0192,-0.01,2021-01-27 15:00
002955,融通新趋势灵活配置混合,2021-01-26,2.2020,2.2123,0.47,2021-01-27 15:00
002967,浙商大数据智选消费混合,2021-01-26,2.6810,2.6698,-0.42,2021-01-27 15:00
002964,国投瑞银顺鑫定开,2021-01-26,1.0978,1.0977,-0.01,2021-01-27 15:00
002945,大成盛世精选灵活配置混合,2021-01-26,2.1150,2.1451,1.42,2021-01-27 15:00
002906,南方中证500量化增强A,2021-01-26,1.3920,1.3969,0.35,2021-01-27 15:00
002980,华夏创新前沿股票,2021-01-26,2.5830,2.5987,0.61,2021-01-27 15:00
003010,中融盈泽中短债C,2021-01-26,1.1064,1.1063,-0.01,2021-01-27 15:00
002994,招商招裕纯债A,2021-01-26,1.1432,1.1432,0.00,2021-01-27 15:00
002977,广发中证全指可选消费联接C,2021-01-26,1.0415,1.0460,0.43,2021-01-27 15:00
002989,融通通乾研究精选混合,2021-01-26,2.0706,2.1014,1.49,2021-01-27 15:00
003002,国金及第中短债债券,2021-01-26,1.0185,1.0183,-0.02,2021-01-27 15:00
003013,中融恒泰纯债A,2021-01-26,1.0202,1.0201,-0.01,2021-01-27 15:00
003027,安信新价值混合C,2021-01-26,1.4877,1.4892,0.10,2021-01-27 15:00
002982,广发养老指数C,2021-01-26,1.3283,1.3386,0.78,2021-01-27 15:00
003045,东方红战略精选混合C,2021-01-26,1.2591,1.2597,0.05,2021-01-27 15:00
003062,银华通利混合A,2021-01-26,1.3709,1.3712,0.02,2021-01-27 15:00
003053,嘉实文体娱乐股票A,2021-01-26,1.8680,1.8831,0.81,2021-01-27 15:00
003072,中融睿祥纯债C,2021-01-26,1.1225,1.1223,-0.02,2021-01-27 15:00
003109,光大安和债券A,2021-01-26,1.1193,1.1191,-0.01,2021-01-27 15:00
003132,德邦新回报灵活配置混合,2021-01-26,1.8148,1.8240,0.51,2021-01-27 15:00
003071,中融睿祥纯债A,2021-01-26,1.1326,1.1324,-0.02,2021-01-27 15:00
003121,中信保诚稳利债券A,2021-01-26,1.0385,1.0384,-0.01,2021-01-27 15:00
003147,大成动态量化混合,2021-01-26,1.4739,1.4744,0.04,2021-01-27 15:00
003081,中融1-3年中高等级信用债A,2021-01-26,1.0733,1.0731,-0.02,2021-01-27 15:00
003170,长盛盛辉混合C,2021-01-26,1.7222,1.7182,-0.23,2021-01-27 15:00
003180,前海联合添利债券A,2021-01-26,1.1497,1.1505,0.07,2021-01-27 15:00
003183,华富弘鑫混合C,2021-01-26,1.2519,1.2520,0.00,2021-01-27 15:00
003142,鹏华弘达混合A,2021-01-26,2.7552,2.7607,0.20,2021-01-27 15:00
003198,光大安诚债券C,2021-01-26,1.1272,1.1262,-0.09,2021-01-27 15:00
003182,华富弘鑫混合A,2021-01-26,1.2656,1.2657,0.00,2021-01-27 15:00
003176,德邦景颐债券A,2021-01-26,1.0542,1.0550,0.07,2021-01-27 15:00
003196,光大永利纯债C,2021-01-26,1.0718,1.0718,0.00,2021-01-27 15:00
003208,东兴量化多策略混合,2021-01-26,0.9412,0.9406,-0.06,2021-01-27 15:00
003192,创金合信尊丰纯债,2021-01-26,1.0944,1.0943,-0.01,2021-01-27 15:00
003227,信诚稳健债券C,2021-01-26,1.0489,1.0487,-0.02,2021-01-27 15:00
003207,博时富发纯债,2021-01-26,1.0521,1.0519,-0.02,2021-01-27 15:00
003241,创金合信量化发现混合A,2021-01-26,1.4275,1.4298,0.16,2021-01-27 15:00
003235,信诚至利混合C,2021-01-26,1.1804,1.1803,-0.01,2021-01-27 15:00
003277,信诚稳瑞债券A,2021-01-26,1.0105,1.0104,-0.01,2021-01-27 15:00
003220,浙商惠利纯债债券,2021-01-26,1.0603,1.0602,-0.01,2021-01-27 15:00
003276,国联安添利增长债C,2021-01-26,1.2443,1.2441,-0.02,2021-01-27 15:00
003230,创金合信医疗保健股票A,2021-01-26,3.3113,3.2989,-0.37,2021-01-27 15:00
003284,中邮医药健康混合,2021-01-26,2.4255,2.4133,-0.50,2021-01-27 15:00
003297,招商双债增强债券(LOF)E,2021-01-26,1.3250,1.3248,-0.02,2021-01-27 15:00
003318,景顺中证500行业中性低波动,2021-01-26,1.1532,1.1537,0.05,2021-01-27 15:00
003301,华夏鼎融债券A,2021-01-26,1.2250,1.2237,-0.11,2021-01-27 15:00
003328,万家鑫璟纯债C,2021-01-26,1.1727,1.1725,-0.02,2021-01-27 15:00
003333,泰信智选成长混合,2021-01-26,1.0871,1.0893,0.20,2021-01-27 15:00
003308,中信建投睿利A,2021-01-26,1.2839,1.2840,0.01,2021-01-27 15:00
003346,安信新成长混合C,2021-01-26,1.1628,1.1629,0.01,2021-01-27 15:00
003314,浙商惠南纯债债券,2021-01-26,1.0204,1.0204,0.00,2021-01-27 15:00
003366,浙商汇金中证转型成长指数,2021-01-26,1.2090,1.2136,0.38,2021-01-27 15:00
003373,大成景禄灵活配置混合A,2021-01-26,1.4642,1.4664,0.15,2021-01-27 15:00
003304,前海开源沪港深核心资源混合A,2021-01-26,1.8610,1.8553,-0.31,2021-01-27 15:00
003377,广发中债7-10年国开债指数C,2021-01-26,1.1069,1.1068,-0.01,2021-01-27 15:00
003382,民生加银鑫享债券A,2021-01-26,1.2061,1.2060,-0.01,2021-01-27 15:00
003300,华夏圆和混合,2021-01-26,1.2426,1.2422,-0.04,2021-01-27 15:00
003359,大成360互联网+大数据100C,2021-01-26,1.1980,1.2127,1.23,2021-01-27 15:00
003254,前海开源鼎裕债券A,2021-01-26,1.2185,1.2183,-0.02,2021-01-27 15:00
003394,建信恒安一年定开债,2021-01-26,1.0075,1.0074,-0.01,2021-01-27 15:00
003378,泰康策略优选混合,2021-01-26,2.2828,2.3030,0.89,2021-01-27 15:00
003376,广发中债7-10年国开债指数A,2021-01-26,1.1257,1.1257,0.00,2021-01-27 15:00
003403,华商瑞丰短债A,2021-01-26,1.0479,1.0479,0.00,2021-01-27 15:00
003345,安信新成长混合A,2021-01-26,1.1687,1.1688,0.01,2021-01-27 15:00
003427,建信恒远一年定开债,2021-01-26,1.0042,1.0041,-0.01,2021-01-27 15:00
003432,信诚至瑞灵活配置A,2021-01-26,1.3972,1.3970,-0.02,2021-01-27 15:00
003426,江信添福C,2021-01-26,1.2029,1.2027,-0.02,2021-01-27 15:00
003435,博时鑫泽灵活配置混合C,2021-01-26,2.1390,2.1533,0.67,2021-01-27 15:00
003446,英大睿鑫A,2021-01-26,1.6961,1.7061,0.59,2021-01-27 15:00
003461,嘉实稳元纯债债券,2021-01-26,1.1000,1.0998,-0.02,2021-01-27 15:00
003472,前海联合添鑫3个月开债C,2021-01-26,1.2013,1.2015,0.02,2021-01-27 15:00
003397,银华体育文化灵活配置混合,2021-01-26,1.8950,1.9230,1.48,2021-01-27 15:00
003513,中邮消费升级,2021-01-26,1.4630,1.4499,-0.90,2021-01-27 15:00
003527,鹏华丰腾债券,2021-01-26,1.0131,1.0130,-0.01,2021-01-27 15:00
003516,国泰融安多策略灵活配置混合,2021-01-26,3.3183,3.3381,0.60,2021-01-27 15:00
003547,鹏华丰禄债券,2021-01-26,1.0504,1.0504,0.00,2021-01-27 15:00
003549,浙商惠裕纯债,2021-01-26,1.0939,1.0938,0.00,2021-01-27 15:00
003476,南方安颐混合,2021-01-26,1.1740,1.1751,0.10,2021-01-27 15:00
003571,招商招琪纯债A,2021-01-26,1.0437,1.0436,-0.01,2021-01-27 15:00
003586,先锋精一混合A,2021-01-26,1.0206,1.0328,1.19,2021-01-27 15:00
003567,华夏行业景气混合,2021-01-26,2.2165,2.2203,0.17,2021-01-27 15:00
003582,中金量化多策略混合,2021-01-26,1.5530,1.5491,-0.25,2021-01-27 15:00
003625,创金合信资源股票发起式C,2020-12-10,1.7648,1.7623,-0.14,2020-12-11 15:00
003614,信诚景瑞债券A,2021-01-26,1.0199,1.0198,-0.01,2021-01-27 15:00
003619,招商招旺纯债C,2021-01-26,1.1252,1.1251,-0.01,2021-01-27 15:00
003640,兴业裕丰债券,2021-01-26,1.0272,1.0272,0.00,2021-01-27 15:00
003648,融通通祺债券,2021-01-26,1.0570,1.0568,-0.02,2021-01-27 15:00
003660,中加纯债两年债券A,2021-01-22,1.0855,1.0856,0.01,2021-01-27 15:00
003628,兴银收益增强债券,2021-01-26,1.1685,1.1701,0.14,2021-01-27 15:00
003634,嘉实农业产业股票,2021-01-26,2.3530,2.3507,-0.10,2021-01-27 15:00
003646,创金合信中证1000指数增强A,2021-01-26,1.4076,1.4084,0.06,2021-01-27 15:00
003717,中银量化精选混合A,2021-01-26,1.3025,1.3054,0.23,2021-01-27 15:00
003751,万家瑞隆混合,2021-01-26,1.8880,1.9064,0.97,2021-01-27 15:00
003768,泰达宏利纯利债券C,2021-01-26,1.0167,1.0165,-0.01,2021-01-27 15:00
003735,万家瑞盈灵活配置混合C,2021-01-26,1.1910,1.1920,0.08,2021-01-27 15:00
003754,国泰普益混合A,2021-01-26,1.4123,1.4144,0.15,2021-01-27 15:00
003626,平安鑫利混合A,2021-01-26,1.1916,1.1915,-0.01,2021-01-27 15:00
003755,国泰普益混合C,2021-01-26,1.4014,1.4035,0.15,2021-01-27 15:00
003797,华安新瑞利混合A,2021-01-26,1.3411,1.3416,0.04,2021-01-27 15:00
003799,华安新泰利灵活配置混合A,2021-01-26,1.3047,1.3069,0.17,2021-01-27 15:00
003769,中银品质生活混合,2021-01-26,2.3626,2.3859,0.99,2021-01-27 15:00
003822,中信建投轮换混合A,2021-01-26,2.0824,2.0955,0.63,2021-01-27 15:00
003767,泰达宏利纯利债券A,2021-01-26,1.0183,1.0181,-0.01,2021-01-27 15:00
003834,华夏能源革新股票,2021-01-26,3.0400,3.0574,0.57,2021-01-27 15:00
003819,广发景华纯债,2021-01-26,1.0320,1.0320,0.00,2021-01-27 15:00
003853,金鹰信息产业股票A,2021-01-26,3.5799,3.6343,1.52,2021-01-27 15:00
003858,前海开源周期优选混合C,2021-01-26,2.1300,2.1339,0.18,2021-01-27 15:00
003843,中邮景泰灵活配置混合C,2021-01-26,1.1589,1.1590,0.01,2021-01-27 15:00
003850,中银锦利灵活配置混合A,2021-01-26,1.2847,1.2874,0.21,2021-01-27 15:00
003883,易方达瑞弘混合C,2021-01-26,1.7969,1.8115,0.81,2021-01-27 15:00
003885,汇安沪深300指数增强C,2021-01-26,1.8615,1.8663,0.26,2021-01-27 15:00
003912,泰达宏利启富混合A,2021-01-26,1.4093,1.4124,0.22,2021-01-27 15:00
003876,华宝沪深300指数增强A,2021-01-26,2.2575,2.2633,0.26,2021-01-27 15:00
003923,长盛盛康纯债债券C,2021-01-26,1.0455,1.0453,-0.02,2021-01-27 15:00
003949,兴全稳泰债券A,2021-01-26,1.0491,1.0490,-0.01,2021-01-27 15:00
003847,华安鼎丰债券,2021-01-26,1.0531,1.0530,-0.01,2021-01-27 15:00
003890,汇安丰泽混合C,2021-01-26,4.2249,4.2181,-0.16,2021-01-27 15:00
003841,大成惠裕定开纯债债券,2021-01-26,1.0151,1.0149,-0.02,2021-01-27 15:00
003929,中银证券安进债券A,2021-01-26,1.0164,1.0162,-0.02,2021-01-27 15:00
003952,兴业嘉瑞6个月定开债A,2021-01-26,1.0179,1.0178,-0.01,2021-01-27 15:00
003940,银华盛世精选灵活配置混合发起式,2021-01-26,2.5230,2.4954,-1.09,2021-01-27 15:00
003978,中信建投稳祥A,2021-01-26,1.0098,1.0098,0.00,2021-01-27 15:00
003930,中银证券安进债券C,2021-01-26,1.0162,1.0161,-0.01,2021-01-27 15:00
003979,中信建投稳祥C,2021-01-26,1.0097,1.0097,0.00,2021-01-27 15:00
004009,中融鑫思路混合C,2021-01-26,1.7019,1.7017,-0.01,2021-01-27 15:00
003963,博时慧选纯债定开债,2021-01-22,1.0314,1.0316,0.02,2021-01-27 15:00
003938,南方荣尊混合A,2021-01-26,1.2677,1.2661,-0.13,2021-01-27 15:00
004026,融通收益增强债券C,2021-01-26,1.1375,1.1383,0.07,2021-01-27 15:00
004046,华夏新锦顺混合A,2021-01-26,1.5527,1.5522,-0.03,2021-01-27 15:00
004063,华夏恒融一年定开债,2021-01-26,1.1250,1.1249,-0.01,2021-01-27 15:00
003913,泰达宏利启富混合C,2021-01-26,1.3917,1.3948,0.22,2021-01-27 15:00
0,79.137.38.225,1337
004049,华夏新锦汇混合C,2021-01-26,1.2424,1.2422,-0.01,2021-01-27 15:00
004084,国联安鑫隆混合C,2021-01-26,1.5942,1.5921,-0.13,2021-01-27 15:00
004079,万家鑫丰纯债A,2021-01-26,1.0414,1.0413,-0.01,2021-01-27 14:33
004041,金鹰医疗健康产业C,2021-01-26,2.5688,2.5659,-0.11,2021-01-27 15:00
004066,嘉实稳熙纯债债券,2021-01-26,1.0390,1.0389,-0.01,2021-01-27 15:00
004098,前海开源港股通股息率50强,2021-01-26,1.0621,1.0619,-0.02,2021-01-27 15:00
004103,信诚稳悦债券C,2021-01-26,1.0342,1.0341,-0.01,2021-01-27 15:00
004108,信诚稳泰A,2021-01-26,1.0026,1.0025,-0.01,2021-01-27 15:00
004124,民生加银鑫升纯债,2021-01-26,1.0195,1.0195,0.00,2021-01-27 15:00
004128,前海联合泳隆混合A,2021-01-26,1.5627,1.5629,0.01,2021-01-27 15:00
004117,大成惠祥纯债债券,2021-01-26,1.0334,1.0334,0.00,2021-01-27 15:00
004157,信诚至诚灵活配置混合A,2021-01-26,1.3640,1.3653,0.10,2021-01-27 15:00
004180,南方宏元定开债券A,2021-01-26,1.1459,1.1458,-0.01,2021-01-27 15:00
0,79.137.38.225,1337
004205,东方支柱产业灵活配置混合,2021-01-26,0.9337,0.9270,-0.72,2021-01-27 15:00
004139,中邮军民融合灵活配置混合,2021-01-26,1.7232,1.7258,0.15,2021-01-27 15:00
004193,招商中证500指数C,2021-01-26,1.3214,1.3260,0.35,2021-01-27 15:00
